Region;Pertenencia étnica;Grupos de edad;Ha sufrido formas de violencia psicológica;Ha sufrido formas de violencia física ;Ha sufrido formas de violencia sexual ;Ha sufrido alguna de las formas de violencia de género ;De quienes acudieron a una institución, le recibieron la denuncia;De quienes acudieron a una institución, le explicaron el procedimiento legal;De quienes acudieron a una institución, le dijeron cuáles eran sus derechos;De quienes acudieron a una institución, le ordenaron o le hicieron exámenes médicos ;De quienes acudieron a una institución, la remitieron a atención psicosocial ;De quienes acudieron a una institución, le dieron protección ;De quienes acudieron a una institución, consideran que, no le pusieron atención a su caso;De quienes acudieron a una institución, consideran que, nadie sabia como ayudarla;De quienes acudieron a una institución, consideran que, la hicieron sentir mal ;De quienes acudieron a una institución, consideran que, le dijeron que era culpa suya ;De quienes acudieron a una institución, consideran que, le pidieron que llevara pruebas que no tenía ;De quienes acudieron a una institución, consideran que, la hicieron ir muchas veces sin resolverle nada ;De quienes acudieron a una institución, consideran que, la hicieron conciliar con el agresor
BAJO CAUCA Y NORDESTE ANTIOQUENO;Indigena;14 a 19 años;37,5%;,0%;,0%;58,4%;,0%;,0%;,0%;,0%;,0%;,0%;,0%;,0%;,0%;,0%;,0%;,0%;,0%
BAJO CAUCA Y NORDESTE ANTIOQUENO;Indigena;20 a 24 años;55,2%;55,2%;,0%;100,0%;,0%;,0%;,0%;,0%;,0%;,0%;,0%;,0%;,0%;,0%;,0%;,0%;,0%
BAJO CAUCA Y NORDESTE ANTIOQUENO;Indigena;25 a 29 años;92,8%;92,8%;10,0%;100,0%;100,0%;100,0%;10,8%;10,8%;10,8%;,0%;10,8%;,0%;,0%;,0%;,0%;,0%;89,2%
BAJO CAUCA Y NORDESTE ANTIOQUENO;Indigena;30 a 34 años;5,4%;,0%;,0%;6,6%;,0%;,0%;,0%;,0%;,0%;,0%;,0%;,0%;,0%;,0%;,0%;,0%;,0%
BAJO CAUCA Y NORDESTE ANTIOQUENO;Indigena;35 a 39 años;,0%;,0%;,0%;,0%;,0%;,0%;,0%;,0%;,0%;,0%;,0%;,0%;,0%;,0%;,0%;,0%;,0%
BAJO CAUCA Y NORDESTE ANTIOQUENO;Indigena;40 a 44 años;100,0%;,0%;,0%;100,0%;100,0%;,0%;,0%;100,0%;,0%;100,0%;,0%;,0%;,0%;,0%;,0%;,0%;100,0%
BAJO CAUCA Y NORDESTE ANTIOQUENO;Indigena;45 a 49 años;,0%;,0%;,0%;,0%;,0%;,0%;,0%;,0%;,0%;,0%;,0%;,0%;,0%;,0%;,0%;,0%;,0%
BAJO CAUCA Y NORDESTE ANTIOQUENO;Indigena;50 a 54 años;,0%;,0%;,0%;,0%;,0%;,0%;,0%;,0%;,0%;,0%;,0%;,0%;,0%;,0%;,0%;,0%;,0%
BAJO CAUCA Y NORDESTE ANTIOQUENO;Indigena;55 a 59 años;,0%;,0%;,0%;,0%;,0%;,0%;,0%;,0%;,0%;,0%;,0%;,0%;,0%;,0%;,0%;,0%;,0%
BAJO CAUCA Y NORDESTE ANTIOQUENO;Afrodescendiente;14 a 19 años;12,6%;3,3%;1,1%;52,3%;,0%;,0%;,0%;,0%;,0%;,0%;,0%;,0%;,0%;,0%;,0%;,0%;,0%
BAJO CAUCA Y NORDESTE ANTIOQUENO;Afrodescendiente;20 a 24 años;10,4%;3,3%;,0%;88,5%;100,0%;100,0%;100,0%;,0%;,0%;,0%;100,0%;,0%;,0%;,0%;100,0%;,0%;100,0%
BAJO CAUCA Y NORDESTE ANTIOQUENO;Afrodescendiente;25 a 29 años;43,3%;40,1%;2,1%;68,0%;100,0%;100,0%;100,0%;,0%;100,0%;100,0%;,0%;,0%;,0%;,0%;,0%;,0%;100,0%
BAJO CAUCA Y NORDESTE ANTIOQUENO;Afrodescendiente;30 a 34 años;45,3%;13,9%;,0%;69,1%;100,0%;100,0%;100,0%;,0%;,0%;,0%;25,6%;25,6%;37,2%;37,2%;37,2%;62,8%;37,2%
BAJO CAUCA Y NORDESTE ANTIOQUENO;Afrodescendiente;35 a 39 años;19,1%;28,4%;,0%;44,8%;,0%;,0%;,0%;,0%;,0%;,0%;,0%;,0%;,0%;,0%;,0%;,0%;,0%
BAJO CAUCA Y NORDESTE ANTIOQUENO;Afrodescendiente;40 a 44 años;15,7%;8,6%;,0%;40,9%;,0%;,0%;,0%;,0%;100,0%;,0%;,0%;,0%;100,0%;,0%;,0%;100,0%;,0%
BAJO CAUCA Y NORDESTE ANTIOQUENO;Afrodescendiente;45 a 49 años;90,3%;80,4%;79,5%;96,6%;100,0%;100,0%;100,0%;,0%;90,3%;7,3%;7,3%;97,6%;,0%;,0%;7,3%;97,6%;9,7%
BAJO CAUCA Y NORDESTE ANTIOQUENO;Afrodescendiente;50 a 54 años;3,9%;,0%;3,6%;7,7%;100,0%;100,0%;100,0%;100,0%;100,0%;,0%;,0%;,0%;100,0%;,0%;100,0%;100,0%;,0%
BAJO CAUCA Y NORDESTE ANTIOQUENO;Afrodescendiente;55 a 59 años;8,3%;4,5%;,0%;42,8%;100,0%;100,0%;100,0%;,0%;,0%;,0%;44,9%;100,0%;,0%;,0%;,0%;,0%;,0%
SUR DE BOLIVAR;Indigena;14 a 19 años;,0%;,0%;,0%;,0%;,0%;,0%;,0%;,0%;,0%;,0%;,0%;,0%;,0%;,0%;,0%;,0%;,0%
SUR DE BOLIVAR;Indigena;20 a 24 años;,0%;,0%;,0%;,0%;,0%;,0%;,0%;,0%;,0%;,0%;,0%;,0%;,0%;,0%;,0%;,0%;,0%
SUR DE BOLIVAR;Indigena;25 a 29 años;,0%;,0%;,0%;,0%;,0%;,0%;,0%;,0%;,0%;,0%;,0%;,0%;,0%;,0%;,0%;,0%;,0%
SUR DE BOLIVAR;Indigena;30 a 34 años;,0%;,0%;,0%;,0%;,0%;,0%;,0%;,0%;,0%;,0%;,0%;,0%;,0%;,0%;,0%;,0%;,0%
SUR DE BOLIVAR;Indigena;35 a 39 años;,0%;,0%;,0%;,0%;,0%;,0%;,0%;,0%;,0%;,0%;,0%;,0%;,0%;,0%;,0%;,0%;,0%
SUR DE BOLIVAR;Indigena;40 a 44 años;58,7%;58,7%;58,7%;100,0%;100,0%;100,0%;100,0%;,0%;100,0%;,0%;,0%;,0%;100,0%;,0%;,0%;,0%;,0%
SUR DE BOLIVAR;Indigena;45 a 49 años;,0%;,0%;,0%;,0%;,0%;,0%;,0%;,0%;,0%;,0%;,0%;,0%;,0%;,0%;,0%;,0%;,0%
SUR DE BOLIVAR;Indigena;50 a 54 años;,0%;,0%;,0%;,0%;,0%;,0%;,0%;,0%;,0%;,0%;,0%;,0%;,0%;,0%;,0%;,0%;,0%
SUR DE BOLIVAR;Indigena;55 a 59 años;,0%;,0%;,0%;,0%;,0%;,0%;,0%;,0%;,0%;,0%;,0%;,0%;,0%;,0%;,0%;,0%;,0%
SUR DE BOLIVAR;Afrodescendiente;14 a 19 años;18,5%;8,3%;,0%;33,0%;,0%;,0%;100,0%;100,0%;42,9%;,0%;,0%;,0%;42,9%;42,9%;100,0%;42,9%;,0%
SUR DE BOLIVAR;Afrodescendiente;20 a 24 años;71,0%;40,8%;30,2%;100,0%;100,0%;100,0%;100,0%;100,0%;,0%;,0%;100,0%;100,0%;,0%;,0%;,0%;100,0%;,0%
SUR DE BOLIVAR;Afrodescendiente;25 a 29 años;15,7%;15,7%;13,7%;43,9%;100,0%;100,0%;100,0%;100,0%;100,0%;,0%;,0%;,0%;,0%;,0%;100,0%;100,0%;100,0%
SUR DE BOLIVAR;Afrodescendiente;30 a 34 años;,0%;,0%;,0%;,0%;,0%;,0%;,0%;,0%;,0%;,0%;,0%;,0%;,0%;,0%;,0%;,0%;,0%
SUR DE BOLIVAR;Afrodescendiente;35 a 39 años;16,3%;16,3%;9,9%;21,8%;,0%;,0%;,0%;,0%;,0%;,0%;100,0%;,0%;100,0%;,0%;,0%;,0%;,0%
SUR DE BOLIVAR;Afrodescendiente;40 a 44 años;16,9%;16,9%;,0%;18,7%;100,0%;,0%;,0%;100,0%;100,0%;,0%;,0%;,0%;100,0%;100,0%;,0%;,0%;,0%
SUR DE BOLIVAR;Afrodescendiente;45 a 49 años;,0%;45,6%;31,9%;46,3%;100,0%;100,0%;100,0%;100,0%;,0%;100,0%;100,0%;,0%;,0%;,0%;100,0%;,0%;,0%
SUR DE BOLIVAR;Afrodescendiente;50 a 54 años;8,4%;8,4%;,0%;11,3%;,0%;,0%;,0%;,0%;,0%;,0%;,0%;,0%;,0%;,0%;,0%;,0%;,0%
SUR DE BOLIVAR;Afrodescendiente;55 a 59 años;76,5%;,0%;,0%;76,5%;100,0%;100,0%;100,0%;,0%;,0%;,0%;100,0%;,0%;100,0%;,0%;100,0%;100,0%;,0%
CUENCA DEL CAGUAN Y PIEDEMONTE CAQUETENO;Indigena;14 a 19 años;36,8%;33,0%;,0%;96,0%;,0%;,0%;,0%;,0%;,0%;,0%;,0%;,0%;,0%;,0%;,0%;,0%;,0%
CUENCA DEL CAGUAN Y PIEDEMONTE CAQUETENO;Indigena;20 a 24 años;57,6%;28,9%;,0%;100,0%;100,0%;100,0%;100,0%;,0%;100,0%;100,0%;,0%;100,0%;,0%;,0%;100,0%;,0%;,0%
CUENCA DEL CAGUAN Y PIEDEMONTE CAQUETENO;Indigena;25 a 29 años;,0%;,0%;,0%;,0%;,0%;,0%;,0%;,0%;,0%;,0%;,0%;,0%;,0%;,0%;,0%;,0%;,0%
CUENCA DEL CAGUAN Y PIEDEMONTE CAQUETENO;Indigena;30 a 34 años;,0%;,0%;6,2%;24,4%;,0%;,0%;,0%;,0%;,0%;,0%;,0%;,0%;,0%;,0%;,0%;,0%;,0%
CUENCA DEL CAGUAN Y PIEDEMONTE CAQUETENO;Indigena;35 a 39 años;26,0%;15,0%;,0%;49,3%;,0%;,0%;,0%;,0%;,0%;,0%;,0%;,0%;,0%;,0%;,0%;,0%;,0%
CUENCA DEL CAGUAN Y PIEDEMONTE CAQUETENO;Indigena;40 a 44 años;,0%;,0%;,0%;,0%;,0%;,0%;,0%;,0%;,0%;,0%;,0%;,0%;,0%;,0%;,0%;,0%;,0%
CUENCA DEL CAGUAN Y PIEDEMONTE CAQUETENO;Indigena;45 a 49 años;,0%;,0%;,0%;,0%;,0%;,0%;,0%;,0%;,0%;,0%;,0%;,0%;,0%;,0%;,0%;,0%;,0%
CUENCA DEL CAGUAN Y PIEDEMONTE CAQUETENO;Indigena;50 a 54 años;88,4%;88,4%;,0%;98,5%;,0%;,0%;,0%;,0%;,0%;,0%;,0%;,0%;,0%;,0%;,0%;,0%;,0%
CUENCA DEL CAGUAN Y PIEDEMONTE CAQUETENO;Indigena;55 a 59 años;,0%;,0%;,0%;,0%;,0%;,0%;,0%;,0%;,0%;,0%;,0%;,0%;,0%;,0%;,0%;,0%;,0%
CUENCA DEL CAGUAN Y PIEDEMONTE CAQUETENO;Afrodescendiente;14 a 19 años;,0%;4,8%;,0%;35,4%;,0%;,0%;,0%;,0%;,0%;,0%;,0%;,0%;,0%;,0%;,0%;,0%;,0%
CUENCA DEL CAGUAN Y PIEDEMONTE CAQUETENO;Afrodescendiente;20 a 24 años;2,8%;,0%;,0%;100,0%;,0%;,0%;,0%;,0%;,0%;,0%;,0%;,0%;,0%;,0%;,0%;,0%;,0%
CUENCA DEL CAGUAN Y PIEDEMONTE CAQUETENO;Afrodescendiente;25 a 29 años;,0%;,0%;,0%;,0%;,0%;,0%;,0%;,0%;,0%;,0%;,0%;,0%;,0%;,0%;,0%;,0%;,0%
CUENCA DEL CAGUAN Y PIEDEMONTE CAQUETENO;Afrodescendiente;30 a 34 años;,0%;,0%;,0%;,0%;,0%;,0%;,0%;,0%;,0%;,0%;,0%;,0%;,0%;,0%;,0%;,0%;,0%
CUENCA DEL CAGUAN Y PIEDEMONTE CAQUETENO;Afrodescendiente;35 a 39 años;3,6%;3,6%;3,6%;100,0%;,0%;,0%;,0%;,0%;,0%;,0%;,0%;,0%;,0%;,0%;,0%;,0%;,0%
CUENCA DEL CAGUAN Y PIEDEMONTE CAQUETENO;Afrodescendiente;40 a 44 años;,0%;,0%;,0%;,0%;,0%;,0%;,0%;,0%;,0%;,0%;,0%;,0%;,0%;,0%;,0%;,0%;,0%
CUENCA DEL CAGUAN Y PIEDEMONTE CAQUETENO;Afrodescendiente;45 a 49 años;,0%;,0%;,0%;,0%;,0%;,0%;,0%;,0%;,0%;,0%;,0%;,0%;,0%;,0%;,0%;,0%;,0%
CUENCA DEL CAGUAN Y PIEDEMONTE CAQUETENO;Afrodescendiente;50 a 54 años;,0%;,0%;,0%;,0%;,0%;,0%;,0%;,0%;,0%;,0%;,0%;,0%;,0%;,0%;,0%;,0%;,0%
CUENCA DEL CAGUAN Y PIEDEMONTE CAQUETENO;Afrodescendiente;55 a 59 años;7,6%;7,6%;7,6%;100,0%;,0%;,0%;,0%;,0%;,0%;,0%;,0%;,0%;,0%;,0%;,0%;,0%;,0%
ALTO PATIA Y NORTE DEL CAUCA;Indigena;14 a 19 años;5,1%;1,7%;,8%;23,4%;100,0%;100,0%;100,0%;,0%;100,0%;,0%;,0%;,0%;,0%;100,0%;,0%;100,0%;,0%
ALTO PATIA Y NORTE DEL CAUCA;Indigena;20 a 24 años;5,3%;7,5%;,3%;22,3%;100,0%;66,7%;66,7%;33,3%;33,3%;66,7%;100,0%;33,3%;,0%;,0%;,0%;,0%;66,7%
ALTO PATIA Y NORTE DEL CAUCA;Indigena;25 a 29 años;1,9%;,3%;,0%;3,4%;100,0%;100,0%;100,0%;,0%;100,0%;100,0%;,0%;,0%;,0%;,0%;,0%;,0%;,0%
ALTO PATIA Y NORTE DEL CAUCA;Indigena;30 a 34 años;73,1%;14,0%;14,0%;100,0%;,0%;,0%;,0%;,0%;,0%;,0%;,0%;,0%;,0%;,0%;,0%;,0%;,0%
ALTO PATIA Y NORTE DEL CAUCA;Indigena;35 a 39 años;4,8%;1,3%;1,1%;24,8%;100,0%;100,0%;18,6%;18,6%;,0%;,0%;,0%;,0%;,0%;,0%;100,0%;100,0%;100,0%
ALTO PATIA Y NORTE DEL CAUCA;Indigena;40 a 44 años;3,2%;,0%;,0%;20,0%;,0%;,0%;,0%;,0%;,0%;,0%;,0%;,0%;,0%;,0%;,0%;,0%;,0%
ALTO PATIA Y NORTE DEL CAUCA;Indigena;45 a 49 años;,0%;,0%;,0%;,0%;,0%;,0%;,0%;,0%;,0%;,0%;,0%;,0%;,0%;,0%;,0%;,0%;,0%
ALTO PATIA Y NORTE DEL CAUCA;Indigena;50 a 54 años;31,6%;1,7%;,0%;63,4%;,0%;,0%;,0%;,0%;,0%;,0%;,0%;,0%;,0%;,0%;,0%;,0%;,0%
ALTO PATIA Y NORTE DEL CAUCA;Indigena;55 a 59 años;2,2%;2,2%;,0%;4,0%;,0%;,0%;,0%;,0%;,0%;,0%;,0%;,0%;,0%;,0%;,0%;,0%;,0%
ALTO PATIA Y NORTE DEL CAUCA;Afrodescendiente;14 a 19 años;12,9%;9,2%;5,1%;47,3%;,0%;,0%;,0%;,0%;,0%;,0%;,0%;,0%;,0%;,0%;,0%;,0%;,0%
ALTO PATIA Y NORTE DEL CAUCA;Afrodescendiente;20 a 24 años;9,9%;16,9%;,0%;25,0%;100,0%;100,0%;,0%;100,0%;,0%;,0%;,0%;100,0%;100,0%;,0%;100,0%;100,0%;,0%
ALTO PATIA Y NORTE DEL CAUCA;Afrodescendiente;25 a 29 años;20,5%;17,2%;15,3%;52,7%;,0%;,0%;,0%;,0%;,0%;,0%;,0%;,0%;,0%;,0%;,0%;,0%;,0%
ALTO PATIA Y NORTE DEL CAUCA;Afrodescendiente;30 a 34 años;13,5%;5,9%;,0%;31,3%;,0%;,0%;,0%;,0%;,0%;,0%;,0%;,0%;,0%;,0%;,0%;,0%;,0%
ALTO PATIA Y NORTE DEL CAUCA;Afrodescendiente;35 a 39 años;9,9%;,0%;,0%;11,0%;100,0%;100,0%;100,0%;,0%;100,0%;100,0%;,0%;,0%;,0%;,0%;,0%;,0%;100,0%
ALTO PATIA Y NORTE DEL CAUCA;Afrodescendiente;40 a 44 años;13,8%;7,1%;,0%;15,9%;100,0%;100,0%;100,0%;,0%;,0%;,0%;,0%;100,0%;,0%;,0%;,0%;,0%;100,0%
ALTO PATIA Y NORTE DEL CAUCA;Afrodescendiente;45 a 49 años;9,4%;,0%;,0%;14,0%;,0%;,0%;,0%;,0%;,0%;,0%;,0%;,0%;,0%;,0%;,0%;,0%;,0%
ALTO PATIA Y NORTE DEL CAUCA;Afrodescendiente;50 a 54 años;19,9%;19,2%;,0%;31,7%;,0%;100,0%;100,0%;,0%;,0%;100,0%;,0%;,0%;100,0%;,0%;,0%;,0%;100,0%
ALTO PATIA Y NORTE DEL CAUCA;Afrodescendiente;55 a 59 años;18,9%;7,6%;4,9%;40,6%;,0%;100,0%;100,0%;,0%;,0%;,0%;100,0%;,0%;,0%;,0%;,0%;,0%;100,0%
PACIFICO MEDIO;Indigena;14 a 19 años;,0%;,0%;,0%;,0%;,0%;,0%;,0%;,0%;,0%;,0%;,0%;,0%;,0%;,0%;,0%;,0%;,0%
PACIFICO MEDIO;Indigena;20 a 24 años;,0%;,0%;,0%;,0%;,0%;,0%;,0%;,0%;,0%;,0%;,0%;,0%;,0%;,0%;,0%;,0%;,0%
PACIFICO MEDIO;Indigena;25 a 29 años;78,5%;78,5%;78,5%;100,0%;,0%;,0%;,0%;,0%;,0%;,0%;,0%;,0%;,0%;,0%;,0%;,0%;,0%
PACIFICO MEDIO;Indigena;30 a 34 años;,0%;,0%;,0%;,0%;,0%;,0%;,0%;,0%;,0%;,0%;,0%;,0%;,0%;,0%;,0%;,0%;,0%
PACIFICO MEDIO;Indigena;35 a 39 años;,0%;,0%;,0%;,0%;,0%;,0%;,0%;,0%;,0%;,0%;,0%;,0%;,0%;,0%;,0%;,0%;,0%
PACIFICO MEDIO;Indigena;40 a 44 años;,0%;,0%;,0%;,0%;,0%;,0%;,0%;,0%;,0%;,0%;,0%;,0%;,0%;,0%;,0%;,0%;,0%
PACIFICO MEDIO;Indigena;45 a 49 años;,0%;,0%;,0%;,0%;,0%;,0%;,0%;,0%;,0%;,0%;,0%;,0%;,0%;,0%;,0%;,0%;,0%
PACIFICO MEDIO;Indigena;50 a 54 años;,0%;,0%;,0%;,0%;,0%;,0%;,0%;,0%;,0%;,0%;,0%;,0%;,0%;,0%;,0%;,0%;,0%
PACIFICO MEDIO;Indigena;55 a 59 años;,0%;,0%;,0%;,0%;,0%;,0%;,0%;,0%;,0%;,0%;,0%;,0%;,0%;,0%;,0%;,0%;,0%
PACIFICO MEDIO;Afrodescendiente;14 a 19 años;6,8%;2,7%;2,5%;22,7%;64,0%;64,0%;64,0%;,0%;,0%;,0%;24,0%;88,0%;12,0%;12,0%;12,0%;100,0%;100,0%
PACIFICO MEDIO;Afrodescendiente;20 a 24 años;19,4%;,0%;,1%;62,1%;33,3%;100,0%;100,0%;33,3%;33,3%;33,3%;33,3%;33,3%;,0%;,0%;,0%;,0%;100,0%
PACIFICO MEDIO;Afrodescendiente;25 a 29 años;72,7%;32,4%;31,2%;83,3%;100,0%;100,0%;100,0%;94,2%;3,6%;1,8%;92,4%;92,4%;,9%;,0%;,0%;4,1%;1,8%
PACIFICO MEDIO;Afrodescendiente;30 a 34 años;7,9%;,8%;,3%;11,5%;,0%;,0%;,0%;,0%;,0%;,0%;,0%;,0%;,0%;,0%;,0%;,0%;,0%
PACIFICO MEDIO;Afrodescendiente;35 a 39 años;5,8%;2,1%;,2%;22,5%;100,0%;52,2%;45,1%;86,2%;37,8%;41,8%;45,1%;37,8%;53,8%;44,5%;85,6%;42,3%;90,7%
PACIFICO MEDIO;Afrodescendiente;40 a 44 años;18,7%;3,8%;1,4%;37,8%;100,0%;100,0%;24,4%;1,9%;5,7%;5,7%;22,5%;22,5%;75,6%;,0%;16,9%;22,5%;18,8%
PACIFICO MEDIO;Afrodescendiente;45 a 49 años;14,2%;8,0%;,0%;75,6%;,0%;100,0%;100,0%;,0%;,0%;,0%;,0%;,0%;,0%;,0%;,0%;,0%;,0%
PACIFICO MEDIO;Afrodescendiente;50 a 54 años;7,5%;7,2%;8,5%;32,7%;100,0%;100,0%;2,1%;,0%;,0%;2,1%;100,0%;,0%;97,9%;,0%;,0%;97,9%;2,1%
PACIFICO MEDIO;Afrodescendiente;55 a 59 años;2,1%;2,2%;,0%;6,3%;,0%;,0%;,0%;,0%;,0%;,0%;,0%;,0%;,0%;,0%;,0%;,0%;,0%
SUR DE CORDOBA;Indigena;14 a 19 años;5,3%;5,2%;,0%;15,1%;,0%;,0%;,0%;,0%;,0%;,0%;,0%;,0%;,0%;,0%;,0%;,0%;,0%
SUR DE CORDOBA;Indigena;20 a 24 años;,0%;,0%;,0%;,0%;,0%;,0%;,0%;,0%;,0%;,0%;,0%;,0%;,0%;,0%;,0%;,0%;,0%
SUR DE CORDOBA;Indigena;25 a 29 años;31,2%;31,2%;18,8%;63,4%;100,0%;100,0%;100,0%;,0%;,0%;,0%;,0%;,0%;,0%;,0%;,0%;,0%;,0%
SUR DE CORDOBA;Indigena;30 a 34 años;67,9%;66,6%;,0%;73,6%;,0%;,0%;,0%;,0%;,0%;,0%;,0%;,0%;,0%;,0%;,0%;,0%;,0%
SUR DE CORDOBA;Indigena;35 a 39 años;22,1%;10,9%;,8%;73,2%;,0%;,0%;,0%;,0%;,0%;,0%;,0%;,0%;,0%;,0%;,0%;,0%;,0%
SUR DE CORDOBA;Indigena;40 a 44 años;,0%;,0%;,0%;,0%;,0%;,0%;,0%;,0%;,0%;,0%;,0%;,0%;,0%;,0%;,0%;,0%;,0%
SUR DE CORDOBA;Indigena;45 a 49 años;9,1%;9,1%;,0%;25,8%;,0%;,0%;,0%;,0%;,0%;,0%;,0%;,0%;,0%;,0%;,0%;,0%;,0%
SUR DE CORDOBA;Indigena;50 a 54 años;,0%;5,3%;,0%;100,0%;,0%;,0%;100,0%;,0%;,0%;,0%;100,0%;100,0%;,0%;,0%;,0%;,0%;,0%
SUR DE CORDOBA;Indigena;55 a 59 años;,0%;,0%;,0%;,0%;,0%;,0%;,0%;,0%;,0%;,0%;,0%;,0%;,0%;,0%;,0%;,0%;,0%
SUR DE CORDOBA;Afrodescendiente;14 a 19 años;14,1%;,0%;,0%;17,4%;,0%;,0%;,0%;,0%;,0%;,0%;,0%;,0%;,0%;,0%;,0%;,0%;,0%
SUR DE CORDOBA;Afrodescendiente;20 a 24 años;12,7%;,0%;,0%;58,4%;,0%;,0%;,0%;,0%;,0%;,0%;,0%;,0%;,0%;,0%;,0%;,0%;,0%
SUR DE CORDOBA;Afrodescendiente;25 a 29 años;38,5%;7,9%;,0%;48,5%;100,0%;100,0%;100,0%;100,0%;,0%;100,0%;,0%;,0%;,0%;,0%;100,0%;,0%;,0%
SUR DE CORDOBA;Afrodescendiente;30 a 34 años;,0%;,0%;,0%;,0%;,0%;,0%;,0%;,0%;,0%;,0%;,0%;,0%;,0%;,0%;,0%;,0%;,0%
SUR DE CORDOBA;Afrodescendiente;35 a 39 años;75,1%;,0%;,0%;99,8%;100,0%;100,0%;100,0%;75,4%;,0%;,0%;,0%;75,4%;100,0%;,0%;100,0%;100,0%;75,4%
SUR DE CORDOBA;Afrodescendiente;40 a 44 años;66,9%;6,0%;1,6%;86,8%;100,0%;100,0%;100,0%;,0%;,0%;100,0%;100,0%;,0%;,0%;,0%;,0%;,0%;,0%
SUR DE CORDOBA;Afrodescendiente;45 a 49 años;25,1%;25,1%;25,1%;100,0%;100,0%;100,0%;100,0%;,0%;100,0%;,0%;,0%;,0%;100,0%;,0%;100,0%;100,0%;,0%
SUR DE CORDOBA;Afrodescendiente;50 a 54 años;,0%;,0%;3,9%;42,4%;,0%;,0%;,0%;,0%;,0%;,0%;,0%;,0%;,0%;,0%;,0%;,0%;,0%
SUR DE CORDOBA;Afrodescendiente;55 a 59 años;,0%;7,9%;,0%;22,7%;,0%;,0%;,0%;,0%;,0%;,0%;,0%;,0%;,0%;,0%;,0%;,0%;,0%
MACARENA GUAVIARE;Indigena;14 a 19 años;82,5%;5,7%;6,7%;100,0%;,0%;,0%;,0%;,0%;,0%;,0%;,0%;,0%;,0%;,0%;,0%;,0%;,0%
MACARENA GUAVIARE;Indigena;20 a 24 años;,0%;,0%;,0%;,0%;,0%;,0%;,0%;,0%;,0%;,0%;,0%;,0%;,0%;,0%;,0%;,0%;,0%
MACARENA GUAVIARE;Indigena;25 a 29 años;37,9%;37,9%;,0%;78,2%;100,0%;100,0%;100,0%;,0%;,0%;,0%;100,0%;100,0%;,0%;,0%;,0%;,0%;,0%
MACARENA GUAVIARE;Indigena;30 a 34 años;,0%;,0%;,0%;,0%;,0%;,0%;,0%;,0%;,0%;,0%;,0%;,0%;,0%;,0%;,0%;,0%;,0%
MACARENA GUAVIARE;Indigena;35 a 39 años;62,3%;47,9%;,0%;100,0%;,0%;,0%;,0%;,0%;,0%;,0%;,0%;,0%;,0%;,0%;,0%;,0%;,0%
MACARENA GUAVIARE;Indigena;40 a 44 años;12,6%;12,6%;12,6%;100,0%;100,0%;100,0%;100,0%;100,0%;100,0%;,0%;100,0%;100,0%;,0%;,0%;,0%;,0%;100,0%
MACARENA GUAVIARE;Indigena;45 a 49 años;19,1%;7,9%;,0%;39,9%;,0%;,0%;,0%;,0%;,0%;,0%;,0%;,0%;,0%;,0%;,0%;,0%;,0%
MACARENA GUAVIARE;Indigena;50 a 54 años;,0%;,0%;,0%;45,4%;,0%;,0%;,0%;,0%;,0%;,0%;,0%;,0%;,0%;,0%;,0%;,0%;,0%
MACARENA GUAVIARE;Indigena;55 a 59 años;,0%;,0%;,0%;,0%;,0%;,0%;,0%;,0%;,0%;,0%;,0%;,0%;,0%;,0%;,0%;,0%;,0%
MACARENA GUAVIARE;Afrodescendiente;14 a 19 años;10,4%;,0%;,0%;27,3%;,0%;,0%;,0%;,0%;,0%;,0%;,0%;,0%;,0%;,0%;,0%;,0%;,0%
MACARENA GUAVIARE;Afrodescendiente;20 a 24 años;13,8%;2,2%;,0%;53,1%;100,0%;100,0%;100,0%;,0%;100,0%;,0%;,0%;,0%;,0%;,0%;,0%;,0%;,0%
MACARENA GUAVIARE;Afrodescendiente;25 a 29 años;,0%;,0%;,0%;,0%;,0%;,0%;,0%;,0%;,0%;,0%;,0%;,0%;,0%;,0%;,0%;,0%;,0%
MACARENA GUAVIARE;Afrodescendiente;30 a 34 años;19,1%;11,1%;,0%;65,6%;100,0%;100,0%;,0%;,0%;,0%;,0%;,0%;,0%;,0%;,0%;,0%;,0%;,0%
MACARENA GUAVIARE;Afrodescendiente;35 a 39 años;,0%;,0%;,0%;,0%;,0%;,0%;,0%;,0%;,0%;,0%;,0%;,0%;,0%;,0%;,0%;,0%;,0%
MACARENA GUAVIARE;Afrodescendiente;40 a 44 años;13,8%;22,0%;,0%;100,0%;100,0%;100,0%;,0%;100,0%;,0%;,0%;100,0%;,0%;100,0%;,0%;100,0%;100,0%;,0%
MACARENA GUAVIARE;Afrodescendiente;45 a 49 años;21,3%;,0%;,0%;100,0%;100,0%;100,0%;100,0%;,0%;,0%;,0%;,0%;,0%;100,0%;,0%;,0%;100,0%;100,0%
MACARENA GUAVIARE;Afrodescendiente;50 a 54 años;,0%;,0%;,0%;,0%;,0%;,0%;,0%;,0%;,0%;,0%;,0%;,0%;,0%;,0%;,0%;,0%;,0%
MACARENA GUAVIARE;Afrodescendiente;55 a 59 años;,0%;,0%;,0%;,0%;,0%;,0%;,0%;,0%;,0%;,0%;,0%;,0%;,0%;,0%;,0%;,0%;,0%
SIERRA NEVADA-PERIJA-ZONA BANANERA;Indigena;14 a 19 años;68,0%;68,0%;,0%;68,0%;,0%;,0%;,0%;,0%;,0%;,0%;,0%;,0%;,0%;,0%;,0%;,0%;,0%
SIERRA NEVADA-PERIJA-ZONA BANANERA;Indigena;20 a 24 años;75,2%;75,2%;,0%;75,2%;,0%;,0%;,0%;,0%;,0%;,0%;,0%;,0%;,0%;,0%;,0%;,0%;,0%
SIERRA NEVADA-PERIJA-ZONA BANANERA;Indigena;25 a 29 años;20,5%;20,5%;4,2%;52,7%;,0%;,0%;,0%;,0%;,0%;,0%;,0%;,0%;,0%;,0%;,0%;,0%;,0%
SIERRA NEVADA-PERIJA-ZONA BANANERA;Indigena;30 a 34 años;,0%;,0%;,0%;,0%;,0%;,0%;,0%;,0%;,0%;,0%;,0%;,0%;,0%;,0%;,0%;,0%;,0%
SIERRA NEVADA-PERIJA-ZONA BANANERA;Indigena;35 a 39 años;,0%;,0%;,0%;,0%;,0%;,0%;,0%;,0%;,0%;,0%;,0%;,0%;,0%;,0%;,0%;,0%;,0%
SIERRA NEVADA-PERIJA-ZONA BANANERA;Indigena;40 a 44 años;77,7%;77,7%;77,7%;77,7%;100,0%;100,0%;100,0%;100,0%;,0%;100,0%;100,0%;,0%;100,0%;100,0%;100,0%;,0%;,0%
SIERRA NEVADA-PERIJA-ZONA BANANERA;Indigena;45 a 49 años;,0%;32,1%;,0%;100,0%;100,0%;100,0%;100,0%;,0%;,0%;,0%;100,0%;100,0%;,0%;,0%;100,0%;100,0%;,0%
SIERRA NEVADA-PERIJA-ZONA BANANERA;Indigena;50 a 54 años;,0%;,0%;,0%;,0%;,0%;,0%;,0%;,0%;,0%;,0%;,0%;,0%;,0%;,0%;,0%;,0%;,0%
SIERRA NEVADA-PERIJA-ZONA BANANERA;Indigena;55 a 59 años;,0%;,0%;,0%;,0%;,0%;,0%;,0%;,0%;,0%;,0%;,0%;,0%;,0%;,0%;,0%;,0%;,0%
SIERRA NEVADA-PERIJA-ZONA BANANERA;Afrodescendiente;14 a 19 años;6,2%;6,2%;,0%;17,2%;,0%;,0%;,0%;,0%;,0%;,0%;,0%;,0%;,0%;,0%;,0%;,0%;,0%
SIERRA NEVADA-PERIJA-ZONA BANANERA;Afrodescendiente;20 a 24 años;6,5%;4,9%;,0%;22,2%;100,0%;100,0%;,0%;,0%;,0%;,0%;,0%;,0%;100,0%;100,0%;100,0%;100,0%;,0%
SIERRA NEVADA-PERIJA-ZONA BANANERA;Afrodescendiente;25 a 29 años;,0%;,0%;,0%;,0%;,0%;,0%;,0%;,0%;,0%;,0%;,0%;,0%;,0%;,0%;,0%;,0%;,0%
SIERRA NEVADA-PERIJA-ZONA BANANERA;Afrodescendiente;30 a 34 años;16,7%;12,3%;,0%;31,9%;100,0%;100,0%;100,0%;,0%;,0%;100,0%;100,0%;100,0%;,0%;,0%;,0%;,0%;100,0%
SIERRA NEVADA-PERIJA-ZONA BANANERA;Afrodescendiente;35 a 39 años;26,3%;26,3%;,0%;48,8%;,0%;,0%;,0%;,0%;,0%;,0%;,0%;,0%;,0%;,0%;,0%;,0%;,0%
SIERRA NEVADA-PERIJA-ZONA BANANERA;Afrodescendiente;40 a 44 años;7,1%;,0%;,0%;34,0%;,0%;,0%;,0%;,0%;,0%;,0%;,0%;,0%;,0%;,0%;,0%;,0%;,0%
SIERRA NEVADA-PERIJA-ZONA BANANERA;Afrodescendiente;45 a 49 años;8,2%;6,4%;,0%;22,8%;62,3%;62,3%;62,3%;,0%;,0%;,0%;62,3%;37,7%;37,7%;37,7%;37,7%;37,7%;100,0%
SIERRA NEVADA-PERIJA-ZONA BANANERA;Afrodescendiente;50 a 54 años;11,1%;5,0%;,0%;34,4%;100,0%;100,0%;100,0%;,0%;100,0%;100,0%;100,0%;100,0%;,0%;,0%;,0%;,0%;,0%
SIERRA NEVADA-PERIJA-ZONA BANANERA;Afrodescendiente;55 a 59 años;,0%;,0%;,0%;,0%;,0%;,0%;,0%;,0%;,0%;,0%;,0%;,0%;,0%;,0%;,0%;,0%;,0%
URABA ANTIOQUENO;Indigena;14 a 19 años;,0%;,0%;,0%;,0%;,0%;,0%;,0%;,0%;,0%;,0%;,0%;,0%;,0%;,0%;,0%;,0%;,0%
URABA ANTIOQUENO;Indigena;20 a 24 años;23,7%;10,6%;,0%;100,0%;,0%;,0%;,0%;,0%;,0%;,0%;,0%;,0%;,0%;,0%;,0%;,0%;,0%
URABA ANTIOQUENO;Indigena;25 a 29 años;60,7%;60,7%;6,9%;73,9%;,0%;,0%;,0%;,0%;,0%;,0%;,0%;,0%;,0%;,0%;,0%;,0%;,0%
URABA ANTIOQUENO;Indigena;30 a 34 años;,0%;,0%;,0%;,0%;,0%;,0%;,0%;,0%;,0%;,0%;,0%;,0%;,0%;,0%;,0%;,0%;,0%
URABA ANTIOQUENO;Indigena;35 a 39 años;,0%;,0%;,0%;,0%;,0%;,0%;,0%;,0%;,0%;,0%;,0%;,0%;,0%;,0%;,0%;,0%;,0%
URABA ANTIOQUENO;Indigena;40 a 44 años;,0%;,0%;,0%;,0%;,0%;,0%;,0%;,0%;,0%;,0%;,0%;,0%;,0%;,0%;,0%;,0%;,0%
URABA ANTIOQUENO;Indigena;45 a 49 años;54,5%;,0%;,0%;100,0%;100,0%;100,0%;100,0%;,0%;100,0%;100,0%;100,0%;100,0%;,0%;,0%;100,0%;100,0%;,0%
URABA ANTIOQUENO;Indigena;50 a 54 años;,0%;,0%;,0%;,0%;,0%;,0%;,0%;,0%;,0%;,0%;,0%;,0%;,0%;,0%;,0%;,0%;,0%
URABA ANTIOQUENO;Indigena;55 a 59 años;,0%;,0%;,0%;,0%;,0%;,0%;,0%;,0%;,0%;,0%;,0%;,0%;,0%;,0%;,0%;,0%;,0%
URABA ANTIOQUENO;Afrodescendiente;14 a 19 años;16,7%;13,7%;2,1%;48,4%;6,0%;6,0%;100,0%;6,0%;94,0%;6,0%;,0%;94,0%;94,0%;94,0%;94,0%;94,0%;100,0%
URABA ANTIOQUENO;Afrodescendiente;20 a 24 años;16,4%;9,2%;,9%;59,1%;100,0%;100,0%;100,0%;,0%;,0%;100,0%;100,0%;100,0%;,0%;,0%;,0%;,0%;100,0%
URABA ANTIOQUENO;Afrodescendiente;25 a 29 años;29,0%;16,2%;9,5%;63,5%;91,5%;91,5%;91,5%;21,8%;,0%;100,0%;21,8%;21,8%;,0%;47,0%;21,8%;,0%;77,3%
URABA ANTIOQUENO;Afrodescendiente;30 a 34 años;35,1%;20,6%;12,7%;76,1%;24,6%;74,0%;56,9%;,0%;,0%;32,3%;58,3%;50,6%;50,6%;24,6%;24,6%;24,6%;32,3%
URABA ANTIOQUENO;Afrodescendiente;35 a 39 años;34,8%;14,0%;8,8%;63,5%;65,1%;65,1%;65,1%;17,1%;82,9%;30,5%;48,0%;17,5%;34,9%;,0%;52,0%;52,0%;34,9%
URABA ANTIOQUENO;Afrodescendiente;40 a 44 años;32,7%;20,7%;9,6%;60,9%;100,0%;100,0%;100,0%;14,4%;14,4%;7,3%;78,9%;16,6%;28,3%;,0%;,0%;7,3%;62,5%
URABA ANTIOQUENO;Afrodescendiente;45 a 49 años;28,0%;9,5%;,0%;65,2%;100,0%;28,6%;28,6%;,0%;,0%;,0%;,0%;,0%;100,0%;71,4%;28,6%;28,6%;,0%
URABA ANTIOQUENO;Afrodescendiente;50 a 54 años;26,1%;10,0%;,0%;44,0%;,0%;,0%;,0%;,0%;,0%;,0%;,0%;,0%;,0%;,0%;,0%;,0%;,0%
URABA ANTIOQUENO;Afrodescendiente;55 a 59 años;20,6%;14,8%;11,9%;69,9%;100,0%;81,0%;81,0%;50,3%;50,3%;50,3%;40,0%;30,7%;60,0%;,0%;,0%;46,7%;14,9%
CHOCO;Indigena;14 a 19 años;96,9%;,0%;,0%;100,0%;,0%;,0%;,0%;,0%;,0%;,0%;,0%;,0%;,0%;,0%;,0%;,0%;,0%
CHOCO;Indigena;20 a 24 años;29,1%;29,1%;29,1%;56,3%;,0%;,0%;,0%;,0%;,0%;100,0%;100,0%;100,0%;,0%;,0%;,0%;,0%;100,0%
CHOCO;Indigena;25 a 29 años;,0%;,0%;,0%;,0%;,0%;,0%;,0%;,0%;,0%;,0%;,0%;,0%;,0%;,0%;,0%;,0%;,0%
CHOCO;Indigena;30 a 34 años;,0%;,0%;,0%;,0%;,0%;,0%;,0%;,0%;,0%;,0%;,0%;,0%;,0%;,0%;,0%;,0%;,0%
CHOCO;Indigena;35 a 39 años;,0%;,0%;,0%;,0%;,0%;,0%;,0%;,0%;,0%;,0%;,0%;,0%;,0%;,0%;,0%;,0%;,0%
CHOCO;Indigena;40 a 44 años;,0%;,0%;,0%;,0%;,0%;,0%;,0%;,0%;,0%;,0%;,0%;,0%;,0%;,0%;,0%;,0%;,0%
CHOCO;Indigena;45 a 49 años;,0%;,0%;,0%;,0%;,0%;,0%;,0%;,0%;,0%;,0%;,0%;,0%;,0%;,0%;,0%;,0%;,0%
CHOCO;Indigena;50 a 54 años;,0%;,0%;,0%;,0%;,0%;,0%;,0%;,0%;,0%;,0%;,0%;,0%;,0%;,0%;,0%;,0%;,0%
CHOCO;Indigena;55 a 59 años;,0%;,0%;,0%;,0%;,0%;,0%;,0%;,0%;,0%;,0%;,0%;,0%;,0%;,0%;,0%;,0%;,0%
CHOCO;Afrodescendiente;14 a 19 años;8,1%;5,8%;,0%;48,0%;,0%;,0%;,0%;,0%;,0%;,0%;,0%;,0%;,0%;,0%;,0%;,0%;,0%
CHOCO;Afrodescendiente;20 a 24 años;7,2%;5,1%;2,4%;13,0%;100,0%;100,0%;100,0%;70,6%;51,5%;70,6%;19,0%;100,0%;,0%;,0%;,0%;,0%;19,0%
CHOCO;Afrodescendiente;25 a 29 años;18,1%;5,9%;3,8%;65,0%;100,0%;100,0%;100,0%;,0%;,0%;,0%;,0%;100,0%;100,0%;100,0%;100,0%;100,0%;,0%
CHOCO;Afrodescendiente;30 a 34 años;27,7%;12,1%;2,8%;55,1%;25,7%;21,7%;25,7%;7,9%;3,9%;11,8%;21,7%;15,8%;78,3%;74,3%;5,9%;78,3%;13,8%
CHOCO;Afrodescendiente;35 a 39 años;53,4%;6,0%;,0%;89,0%;100,0%;100,0%;100,0%;60,9%;39,1%;39,1%;100,0%;60,9%;,0%;,0%;,0%;,0%;60,9%
CHOCO;Afrodescendiente;40 a 44 años;29,5%;,5%;,5%;78,9%;100,0%;100,0%;100,0%;,0%;98,1%;1,9%;98,1%;98,1%;1,9%;,0%;1,9%;1,9%;,0%
CHOCO;Afrodescendiente;45 a 49 años;,6%;,6%;,5%;9,5%;100,0%;100,0%;100,0%;,0%;,0%;,0%;,0%;,0%;100,0%;100,0%;100,0%;100,0%;,0%
CHOCO;Afrodescendiente;50 a 54 años;30,8%;24,1%;21,8%;90,3%;47,3%;72,9%;71,9%;60,2%;68,2%;68,2%;71,9%;92,0%;33,6%;5,4%;5,2%;32,5%;30,7%
CHOCO;Afrodescendiente;55 a 59 años;1,6%;2,4%;,0%;5,9%;100,0%;100,0%;100,0%;,0%;,0%;100,0%;100,0%;100,0%;,0%;,0%;,0%;,0%;,0%
CATATUMBO;Indigena;14 a 19 años;,0%;,0%;,0%;,0%;,0%;,0%;,0%;,0%;,0%;,0%;,0%;,0%;,0%;,0%;,0%;,0%;,0%
CATATUMBO;Indigena;20 a 24 años;33,0%;13,9%;6,3%;40,8%;100,0%;,0%;100,0%;,0%;,0%;,0%;,0%;,0%;100,0%;,0%;,0%;,0%;100,0%
CATATUMBO;Indigena;25 a 29 años;64,7%;66,9%;,0%;94,5%;,0%;,0%;,0%;,0%;,0%;,0%;,0%;,0%;,0%;,0%;,0%;,0%;,0%
CATATUMBO;Indigena;30 a 34 años;52,2%;10,1%;,0%;67,1%;100,0%;100,0%;100,0%;33,0%;33,0%;33,0%;67,0%;67,0%;,0%;,0%;100,0%;67,0%;,0%
CATATUMBO;Indigena;35 a 39 años;12,5%;,0%;,0%;58,0%;,0%;,0%;,0%;,0%;,0%;,0%;,0%;,0%;,0%;,0%;,0%;,0%;,0%
CATATUMBO;Indigena;40 a 44 años;31,9%;31,9%;6,2%;100,0%;,0%;,0%;,0%;,0%;,0%;,0%;,0%;,0%;,0%;,0%;,0%;,0%;,0%
CATATUMBO;Indigena;45 a 49 años;64,4%;51,0%;,0%;77,6%;,0%;,0%;,0%;,0%;,0%;,0%;,0%;,0%;,0%;,0%;,0%;,0%;,0%
CATATUMBO;Indigena;50 a 54 años;,8%;,0%;,0%;100,0%;,0%;,0%;,0%;,0%;,0%;,0%;,0%;,0%;,0%;,0%;,0%;,0%;,0%
CATATUMBO;Indigena;55 a 59 años;46,8%;,0%;,0%;77,0%;,0%;,0%;,0%;,0%;,0%;,0%;,0%;,0%;,0%;,0%;,0%;,0%;,0%
CATATUMBO;Afrodescendiente;14 a 19 años;,0%;,0%;,0%;,0%;,0%;,0%;,0%;,0%;,0%;,0%;,0%;,0%;,0%;,0%;,0%;,0%;,0%
CATATUMBO;Afrodescendiente;20 a 24 años;,0%;,0%;,0%;,0%;,0%;,0%;,0%;,0%;,0%;,0%;,0%;,0%;,0%;,0%;,0%;,0%;,0%
CATATUMBO;Afrodescendiente;25 a 29 años;,0%;,0%;,0%;,0%;,0%;,0%;,0%;,0%;,0%;,0%;,0%;,0%;,0%;,0%;,0%;,0%;,0%
CATATUMBO;Afrodescendiente;30 a 34 años;,0%;,0%;,0%;,0%;,0%;,0%;,0%;,0%;,0%;,0%;,0%;,0%;,0%;,0%;,0%;,0%;,0%
CATATUMBO;Afrodescendiente;35 a 39 años;8,0%;8,0%;,0%;100,0%;100,0%;100,0%;100,0%;65,5%;65,5%;,0%;,0%;,0%;,0%;65,5%;65,5%;65,5%;65,5%
CATATUMBO;Afrodescendiente;40 a 44 años;21,9%;21,9%;1,8%;75,5%;100,0%;100,0%;100,0%;100,0%;100,0%;,0%;100,0%;,0%;,0%;,0%;,0%;,0%;100,0%
CATATUMBO;Afrodescendiente;45 a 49 años;,0%;,0%;,0%;,0%;,0%;,0%;,0%;,0%;,0%;,0%;,0%;,0%;,0%;,0%;,0%;,0%;,0%
CATATUMBO;Afrodescendiente;50 a 54 años;,0%;,0%;,0%;,0%;,0%;,0%;,0%;,0%;,0%;,0%;,0%;,0%;,0%;,0%;,0%;,0%;,0%
CATATUMBO;Afrodescendiente;55 a 59 años;,0%;,0%;,0%;,0%;,0%;,0%;,0%;,0%;,0%;,0%;,0%;,0%;,0%;,0%;,0%;,0%;,0%
PACIFICO Y FRONTERA NARINENSE;Indigena;14 a 19 años;,0%;,0%;,0%;,0%;,0%;,0%;,0%;,0%;,0%;,0%;,0%;,0%;,0%;,0%;,0%;,0%;,0%
PACIFICO Y FRONTERA NARINENSE;Indigena;20 a 24 años;,0%;,0%;,0%;,0%;,0%;,0%;,0%;,0%;,0%;,0%;,0%;,0%;,0%;,0%;,0%;,0%;,0%
PACIFICO Y FRONTERA NARINENSE;Indigena;25 a 29 años;,0%;,0%;,0%;,0%;,0%;,0%;,0%;,0%;,0%;,0%;,0%;,0%;,0%;,0%;,0%;,0%;,0%
PACIFICO Y FRONTERA NARINENSE;Indigena;30 a 34 años;,0%;,0%;,0%;,0%;,0%;,0%;,0%;,0%;,0%;,0%;,0%;,0%;,0%;,0%;,0%;,0%;,0%
PACIFICO Y FRONTERA NARINENSE;Indigena;35 a 39 años;,0%;,0%;,0%;,0%;,0%;,0%;,0%;,0%;,0%;,0%;,0%;,0%;,0%;,0%;,0%;,0%;,0%
PACIFICO Y FRONTERA NARINENSE;Indigena;40 a 44 años;,0%;,0%;,0%;,0%;,0%;,0%;,0%;,0%;,0%;,0%;,0%;,0%;,0%;,0%;,0%;,0%;,0%
PACIFICO Y FRONTERA NARINENSE;Indigena;45 a 49 años;,0%;,0%;,0%;,0%;,0%;,0%;,0%;,0%;,0%;,0%;,0%;,0%;,0%;,0%;,0%;,0%;,0%
PACIFICO Y FRONTERA NARINENSE;Indigena;50 a 54 años;,0%;,0%;,0%;,0%;,0%;,0%;,0%;,0%;,0%;,0%;,0%;,0%;,0%;,0%;,0%;,0%;,0%
PACIFICO Y FRONTERA NARINENSE;Indigena;55 a 59 años;,0%;,0%;,0%;,0%;,0%;,0%;,0%;,0%;,0%;,0%;,0%;,0%;,0%;,0%;,0%;,0%;,0%
PACIFICO Y FRONTERA NARINENSE;Afrodescendiente;14 a 19 años;45,6%;34,8%;27,2%;93,9%;34,0%;34,0%;100,0%;34,0%;34,0%;34,0%;,0%;34,0%;100,0%;100,0%;100,0%;100,0%;100,0%
PACIFICO Y FRONTERA NARINENSE;Afrodescendiente;20 a 24 años;15,9%;8,0%;6,3%;42,8%;100,0%;100,0%;100,0%;41,2%;41,2%;41,2%;,0%;,0%;,0%;,0%;,0%;58,8%;,0%
PACIFICO Y FRONTERA NARINENSE;Afrodescendiente;25 a 29 años;27,8%;15,9%;,7%;68,1%;100,0%;85,4%;70,9%;24,3%;,0%;85,4%;9,7%;95,1%;9,7%;,0%;9,7%;24,3%;,0%
PACIFICO Y FRONTERA NARINENSE;Afrodescendiente;30 a 34 años;17,8%;17,0%;2,1%;55,3%;100,0%;100,0%;80,2%;,0%;8,4%;100,0%;,0%;19,8%;,0%;,0%;,0%;19,8%;8,4%
PACIFICO Y FRONTERA NARINENSE;Afrodescendiente;35 a 39 años;33,1%;6,9%;5,6%;58,0%;,0%;100,0%;,0%;,0%;,0%;,0%;,0%;,0%;100,0%;,0%;,0%;100,0%;100,0%
PACIFICO Y FRONTERA NARINENSE;Afrodescendiente;40 a 44 años;37,7%;39,2%;1,6%;73,9%;100,0%;,0%;,0%;,0%;,0%;,0%;43,5%;77,4%;56,5%;,0%;,0%;100,0%;,0%
PACIFICO Y FRONTERA NARINENSE;Afrodescendiente;45 a 49 años;16,0%;6,7%;,0%;28,6%;37,2%;100,0%;97,9%;,0%;,0%;37,2%;,0%;,0%;,0%;,0%;60,7%;62,8%;60,7%
PACIFICO Y FRONTERA NARINENSE;Afrodescendiente;50 a 54 años;,0%;,0%;4,8%;100,0%;,0%;,0%;,0%;,0%;,0%;,0%;,0%;,0%;,0%;,0%;,0%;,0%;,0%
PACIFICO Y FRONTERA NARINENSE;Afrodescendiente;55 a 59 años;65,2%;11,5%;7,4%;93,2%;100,0%;100,0%;3,2%;,0%;,0%;100,0%;96,8%;100,0%;,0%;,0%;3,2%;100,0%;3,2%
SUR DE TOLIMA;Indigena;14 a 19 años;32,1%;21,1%;,0%;61,2%;,0%;100,0%;100,0%;,0%;,0%;,0%;,0%;,0%;,0%;,0%;,0%;,0%;100,0%
SUR DE TOLIMA;Indigena;20 a 24 años;3,7%;10,5%;,0%;24,0%;100,0%;100,0%;100,0%;100,0%;100,0%;100,0%;100,0%;100,0%;,0%;,0%;,0%;,0%;100,0%
SUR DE TOLIMA;Indigena;25 a 29 años;38,3%;2,3%;37,3%;100,0%;100,0%;100,0%;100,0%;,0%;100,0%;,0%;100,0%;,0%;,0%;,0%;,0%;,0%;,0%
SUR DE TOLIMA;Indigena;30 a 34 años;46,8%;7,2%;32,5%;63,0%;61,7%;61,7%;61,7%;61,7%;61,7%;61,7%;100,0%;38,3%;38,3%;38,3%;100,0%;38,3%;61,7%
SUR DE TOLIMA;Indigena;35 a 39 años;10,8%;7,9%;7,9%;75,6%;,0%;,0%;,0%;,0%;,0%;,0%;,0%;,0%;,0%;,0%;,0%;,0%;,0%
SUR DE TOLIMA;Indigena;40 a 44 años;,0%;,0%;,0%;,0%;,0%;,0%;,0%;,0%;,0%;,0%;,0%;,0%;,0%;,0%;,0%;,0%;,0%
SUR DE TOLIMA;Indigena;45 a 49 años;35,9%;35,9%;3,4%;73,6%;90,6%;90,6%;90,6%;,0%;,0%;,0%;,0%;,0%;100,0%;90,6%;90,6%;90,6%;90,6%
SUR DE TOLIMA;Indigena;50 a 54 años;1,6%;3,8%;,0%;54,3%;100,0%;100,0%;100,0%;100,0%;,0%;,0%;,0%;,0%;,0%;,0%;100,0%;,0%;100,0%
SUR DE TOLIMA;Indigena;55 a 59 años;,0%;,0%;,0%;,0%;,0%;,0%;,0%;,0%;,0%;,0%;,0%;,0%;,0%;,0%;,0%;,0%;,0%
SUR DE TOLIMA;Afrodescendiente;14 a 19 años;38,8%;38,8%;,0%;74,7%;100,0%;100,0%;100,0%;100,0%;100,0%;100,0%;,0%;,0%;,0%;,0%;,0%;,0%;,0%
SUR DE TOLIMA;Afrodescendiente;20 a 24 años;1,1%;,0%;,0%;100,0%;,0%;,0%;,0%;,0%;,0%;,0%;,0%;,0%;,0%;,0%;,0%;,0%;,0%
SUR DE TOLIMA;Afrodescendiente;25 a 29 años;,0%;,0%;,0%;,0%;,0%;,0%;,0%;,0%;,0%;,0%;,0%;,0%;,0%;,0%;,0%;,0%;,0%
SUR DE TOLIMA;Afrodescendiente;30 a 34 años;41,8%;41,8%;41,8%;100,0%;,0%;,0%;,0%;100,0%;100,0%;100,0%;,0%;100,0%;100,0%;,0%;100,0%;100,0%;,0%
SUR DE TOLIMA;Afrodescendiente;35 a 39 años;22,0%;14,6%;14,6%;100,0%;100,0%;100,0%;100,0%;,0%;,0%;100,0%;100,0%;100,0%;,0%;,0%;,0%;100,0%;,0%
SUR DE TOLIMA;Afrodescendiente;40 a 44 años;,0%;,0%;,0%;,0%;,0%;,0%;,0%;,0%;,0%;,0%;,0%;,0%;,0%;,0%;,0%;,0%;,0%
SUR DE TOLIMA;Afrodescendiente;45 a 49 años;30,8%;30,8%;18,2%;81,7%;100,0%;66,2%;66,2%;,0%;33,8%;,0%;,0%;66,2%;33,8%;,0%;,0%;33,8%;,0%
SUR DE TOLIMA;Afrodescendiente;50 a 54 años;,0%;,0%;,0%;,0%;,0%;,0%;,0%;,0%;,0%;,0%;,0%;,0%;,0%;,0%;,0%;,0%;,0%
SUR DE TOLIMA;Afrodescendiente;55 a 59 años;,0%;,0%;,0%;,0%;,0%;,0%;,0%;,0%;,0%;,0%;,0%;,0%;,0%;,0%;,0%;,0%;,0%
CIUDADES CALI-QUIBDO;Indigena;14 a 19 años;,0%;,0%;,0%;,0%;,0%;,0%;,0%;,0%;,0%;,0%;,0%;,0%;,0%;,0%;,0%;,0%;,0%
CIUDADES CALI-QUIBDO;Indigena;20 a 24 años;7,0%;7,0%;7,0%;13,3%;,0%;,0%;,0%;,0%;,0%;,0%;100,0%;100,0%;,0%;100,0%;,0%;,0%;,0%
CIUDADES CALI-QUIBDO;Indigena;25 a 29 años;,4%;,0%;,0%;1,6%;100,0%;100,0%;100,0%;,0%;,0%;100,0%;,0%;,0%;,0%;,0%;,0%;,0%;100,0%
CIUDADES CALI-QUIBDO;Indigena;30 a 34 años;,0%;,0%;,0%;,0%;,0%;,0%;,0%;,0%;,0%;,0%;,0%;,0%;,0%;,0%;,0%;,0%;,0%
CIUDADES CALI-QUIBDO;Indigena;35 a 39 años;13,5%;,6%;,0%;24,3%;,0%;,0%;,0%;,0%;,0%;,0%;,0%;,0%;,0%;,0%;,0%;,0%;,0%
CIUDADES CALI-QUIBDO;Indigena;40 a 44 años;28,8%;,0%;,0%;40,2%;,0%;,0%;,0%;,0%;,0%;,0%;,0%;,0%;,0%;,0%;,0%;,0%;,0%
CIUDADES CALI-QUIBDO;Indigena;45 a 49 años;7,6%;9,9%;,0%;31,6%;100,0%;100,0%;100,0%;,0%;,0%;,0%;,0%;,0%;100,0%;,0%;,0%;100,0%;100,0%
CIUDADES CALI-QUIBDO;Indigena;50 a 54 años;14,5%;,0%;,0%;95,0%;100,0%;100,0%;100,0%;,0%;,0%;,0%;100,0%;,0%;,0%;,0%;,0%;,0%;100,0%
CIUDADES CALI-QUIBDO;Indigena;55 a 59 años;4,3%;,0%;,0%;57,5%;,0%;,0%;,0%;,0%;,0%;,0%;,0%;,0%;,0%;,0%;,0%;,0%;,0%
CIUDADES CALI-QUIBDO;Afrodescendiente;14 a 19 años;25,4%;10,0%;1,4%;42,4%;46,4%;100,0%;100,0%;44,2%;35,5%;91,3%;57,8%;51,1%;33,5%;33,5%;8,7%;,0%;24,1%
CIUDADES CALI-QUIBDO;Afrodescendiente;20 a 24 años;47,1%;27,0%;7,4%;77,1%;87,5%;93,5%;93,5%;64,3%;89,5%;63,9%;33,2%;30,9%;8,5%;8,5%;44,1%;38,1%;31,6%
CIUDADES CALI-QUIBDO;Afrodescendiente;25 a 29 años;29,7%;19,2%;6,3%;54,2%;100,0%;94,6%;100,0%;76,0%;76,0%;94,6%;64,1%;4,5%;,0%;,0%;40,1%;,0%;45,5%
CIUDADES CALI-QUIBDO;Afrodescendiente;30 a 34 años;12,9%;12,6%;,0%;41,4%;100,0%;100,0%;100,0%;,0%;,0%;100,0%;,0%;100,0%;,0%;,0%;,0%;,0%;100,0%
CIUDADES CALI-QUIBDO;Afrodescendiente;35 a 39 años;27,5%;10,0%;8,1%;48,4%;100,0%;74,9%;74,9%;33,4%;,0%;33,4%;44,4%;74,9%;66,6%;25,1%;10,9%;10,9%;55,6%
CIUDADES CALI-QUIBDO;Afrodescendiente;40 a 44 años;15,4%;6,0%;7,2%;48,0%;100,0%;80,3%;80,3%;10,1%;18,3%;54,7%;84,5%;81,7%;35,2%;,0%;46,5%;33,2%;10,1%
CIUDADES CALI-QUIBDO;Afrodescendiente;45 a 49 años;31,1%;27,7%;4,3%;42,5%;38,9%;100,0%;97,7%;22,5%;36,6%;24,9%;75,1%;16,4%;61,1%;,0%;,0%;75,1%;22,5%
CIUDADES CALI-QUIBDO;Afrodescendiente;50 a 54 años;14,3%;11,9%;,5%;38,2%;100,0%;100,0%;100,0%;78,0%;45,3%;22,0%;67,3%;90,9%;23,6%;,0%;,0%;23,6%;22,0%
CIUDADES CALI-QUIBDO;Afrodescendiente;55 a 59 años;9,9%;8,3%;,5%;27,4%;70,9%;70,9%;85,4%;56,3%;85,4%;56,3%;56,3%;11,1%;,0%;,0%;16,1%;27,2%;58,2%
PUTUMAYO;Indigena;14 a 19 años;19,1%;6,9%;2,4%;56,4%;56,0%;56,0%;56,0%;56,0%;56,0%;56,0%;100,0%;100,0%;,0%;44,0%;100,0%;44,0%;,0%
PUTUMAYO;Indigena;20 a 24 años;9,7%;1,5%;,0%;46,7%;92,7%;100,0%;100,0%;100,0%;100,0%;100,0%;,0%;7,3%;,0%;,0%;,0%;,0%;,0%
PUTUMAYO;Indigena;25 a 29 años;4,1%;1,1%;,0%;76,6%;,0%;,0%;,0%;,0%;,0%;,0%;,0%;,0%;,0%;,0%;,0%;,0%;,0%
PUTUMAYO;Indigena;30 a 34 años;7,1%;22,9%;4,6%;76,9%;100,0%;100,0%;100,0%;100,0%;100,0%;100,0%;100,0%;100,0%;,0%;,0%;,0%;,0%;,0%
PUTUMAYO;Indigena;35 a 39 años;19,9%;29,8%;,0%;53,5%;100,0%;100,0%;100,0%;81,9%;,0%;,0%;6,1%;6,1%;,0%;,0%;,0%;75,8%;,0%
PUTUMAYO;Indigena;40 a 44 años;9,6%;7,3%;2,5%;48,2%;100,0%;100,0%;100,0%;,0%;,0%;,0%;100,0%;,0%;,0%;,0%;100,0%;,0%;,0%
PUTUMAYO;Indigena;45 a 49 años;5,7%;,0%;,0%;7,4%;,0%;,0%;,0%;,0%;,0%;,0%;,0%;,0%;,0%;,0%;,0%;,0%;,0%
PUTUMAYO;Indigena;50 a 54 años;,7%;,7%;,0%;2,2%;,0%;,0%;,0%;,0%;,0%;,0%;,0%;,0%;,0%;,0%;,0%;,0%;,0%
PUTUMAYO;Indigena;55 a 59 años;24,0%;,0%;7,9%;100,0%;100,0%;100,0%;,0%;,0%;100,0%;100,0%;,0%;,0%;,0%;,0%;,0%;,0%;,0%
PUTUMAYO;Afrodescendiente;14 a 19 años;14,1%;3,4%;,0%;76,6%;,0%;,0%;,0%;,0%;,0%;,0%;,0%;,0%;,0%;,0%;,0%;,0%;,0%
PUTUMAYO;Afrodescendiente;20 a 24 años;18,7%;5,2%;3,6%;61,5%;100,0%;52,4%;52,4%;,0%;,0%;,0%;52,4%;100,0%;47,6%;,0%;47,6%;47,6%;100,0%
PUTUMAYO;Afrodescendiente;25 a 29 años;46,7%;41,9%;19,9%;67,6%;,0%;100,0%;100,0%;100,0%;100,0%;100,0%;100,0%;,0%;,0%;,0%;,0%;,0%;,0%
PUTUMAYO;Afrodescendiente;30 a 34 años;14,5%;4,8%;13,7%;71,1%;100,0%;100,0%;100,0%;100,0%;100,0%;100,0%;100,0%;100,0%;,0%;,0%;100,0%;100,0%;100,0%
PUTUMAYO;Afrodescendiente;35 a 39 años;57,8%;51,4%;,0%;100,0%;100,0%;100,0%;100,0%;,0%;100,0%;100,0%;,0%;,0%;,0%;,0%;,0%;,0%;,0%
PUTUMAYO;Afrodescendiente;40 a 44 años;21,4%;8,2%;10,1%;40,1%;,0%;,0%;,0%;,0%;,0%;,0%;,0%;,0%;,0%;,0%;,0%;,0%;,0%
PUTUMAYO;Afrodescendiente;45 a 49 años;7,8%;,0%;,0%;40,5%;100,0%;,0%;100,0%;,0%;,0%;,0%;,0%;,0%;100,0%;,0%;,0%;,0%;100,0%
PUTUMAYO;Afrodescendiente;50 a 54 años;88,2%;48,9%;38,0%;97,1%;100,0%;100,0%;100,0%;71,1%;91,4%;91,4%;,0%;8,6%;71,1%;71,1%;71,1%;71,1%;71,1%
PUTUMAYO;Afrodescendiente;55 a 59 años;,0%;,0%;,0%;,0%;,0%;,0%;,0%;,0%;,0%;,0%;,0%;,0%;,0%;,0%;,0%;,0%;,0%
TOTAL REGIONES DEL ESTUDIO;Indigena;14 a 19 años;26,0%;9,9%;1,6%;65,1%;15,2%;93,0%;93,0%;8,9%;15,2%;8,9%;15,9%;15,9%;,0%;13,3%;15,9%;13,3%;77,8%
TOTAL REGIONES DEL ESTUDIO;Indigena;20 a 24 años;14,8%;12,2%;2,2%;39,7%;64,7%;65,3%;66,7%;43,1%;64,4%;66,4%;38,9%;61,3%;1,3%;31,4%;21,3%;,0%;8,0%
TOTAL REGIONES DEL ESTUDIO;Indigena;25 a 29 años;21,6%;14,2%;9,1%;57,2%;100,0%;100,0%;21,9%;9,5%;13,7%;1,7%;20,2%;7,2%;,0%;,0%;,0%;,0%;79,0%
TOTAL REGIONES DEL ESTUDIO;Indigena;30 a 34 años;24,6%;18,7%;4,4%;51,7%;98,1%;98,1%;98,1%;90,3%;90,3%;90,3%;96,2%;93,1%;1,9%;1,9%;16,6%;9,7%;3,1%
TOTAL REGIONES DEL ESTUDIO;Indigena;35 a 39 años;12,6%;4,9%;,5%;35,6%;100,0%;100,0%;88,4%;72,8%;,0%;,0%;5,2%;5,2%;,0%;,0%;14,3%;79,3%;14,3%
TOTAL REGIONES DEL ESTUDIO;Indigena;40 a 44 años;14,3%;6,5%;5,1%;30,2%;100,0%;98,3%;98,3%;65,0%;5,8%;62,3%;95,2%;2,7%;63,8%;60,6%;92,5%;,0%;4,4%
TOTAL REGIONES DEL ESTUDIO;Indigena;45 a 49 años;8,5%;8,8%;,1%;25,5%;98,5%;98,5%;98,5%;,0%;17,9%;17,9%;43,9%;43,9%;56,1%;14,2%;58,1%;98,5%;54,6%
TOTAL REGIONES DEL ESTUDIO;Indigena;50 a 54 años;15,2%;9,5%;,0%;64,2%;63,0%;63,0%;100,0%;5,2%;,0%;,0%;94,8%;37,0%;,0%;,0%;5,2%;,0%;63,0%
TOTAL REGIONES DEL ESTUDIO;Indigena;55 a 59 años;5,0%;,3%;,4%;29,6%;100,0%;100,0%;,0%;,0%;100,0%;100,0%;,0%;,0%;,0%;,0%;,0%;,0%;,0%
TOTAL REGIONES DEL ESTUDIO;Afrodescendiente;14 a 19 años;22,2%;11,4%;4,0%;47,3%;33,6%;67,8%;99,8%;36,9%;53,3%;61,8%;37,0%;59,9%;50,8%;50,8%;37,9%;29,9%;44,8%
TOTAL REGIONES DEL ESTUDIO;Afrodescendiente;20 a 24 años;32,3%;18,2%;4,9%;67,6%;90,1%;94,0%;87,7%;52,7%;72,5%;52,7%;36,8%;29,3%;13,9%;12,7%;49,2%;39,0%;35,8%
TOTAL REGIONES DEL ESTUDIO;Afrodescendiente;25 a 29 años;27,3%;17,0%;6,7%;52,7%;91,1%;95,0%;98,4%;73,5%;64,0%;91,6%;57,7%;10,3%;,4%;3,9%;37,2%;2,4%;40,7%
TOTAL REGIONES DEL ESTUDIO;Afrodescendiente;30 a 34 años;16,2%;11,9%;1,6%;43,7%;78,0%;88,7%;73,5%;3,8%;5,9%;47,5%;22,8%;36,9%;27,1%;18,7%;19,5%;34,9%;30,4%
TOTAL REGIONES DEL ESTUDIO;Afrodescendiente;35 a 39 años;27,0%;12,1%;5,3%;49,0%;82,2%;74,0%;71,4%;29,7%;42,1%;32,2%;39,6%;42,5%;51,4%;11,4%;38,0%;39,7%;50,3%
TOTAL REGIONES DEL ESTUDIO;Afrodescendiente;40 a 44 años;18,6%;8,8%;4,4%;45,6%;98,3%;76,7%;75,0%;11,6%;21,6%;42,8%;78,7%;71,6%;35,4%;,4%;35,4%;34,6%;15,5%
TOTAL REGIONES DEL ESTUDIO;Afrodescendiente;45 a 49 años;27,3%;22,3%;6,2%;44,4%;75,1%;90,8%;94,5%;7,8%;53,4%;13,5%;31,0%;50,3%;34,8%;4,3%;11,2%;77,8%;26,5%
TOTAL REGIONES DEL ESTUDIO;Afrodescendiente;50 a 54 años;14,7%;10,3%;2,3%;39,1%;93,3%;97,1%;88,5%;57,7%;64,0%;51,2%;55,2%;59,6%;43,8%;17,0%;22,2%;42,5%;29,3%
TOTAL REGIONES DEL ESTUDIO;Afrodescendiente;55 a 59 años;14,4%;7,9%;2,3%;42,6%;90,6%;86,1%;55,0%;30,7%;39,2%;67,2%;66,8%;52,8%;17,6%;,0%;6,8%;58,5%;23,3%
